,job_name,company_name,company_location,salary,job_description,job_apply_url
0,Senior Developer (PL/SQL & Java),IT Managers Inc.,"Bonifacio Global City, Metro Manila","â‚±90,000 â€“ â‚±110,000 per month",Not Mentioned,https://www.jobstreet.com.my/job/73673234?type=standout&ref=search-standalone
1,"3 Japanese Web Developer w/ exp in Coding; Java,LOS,Android,Angular,JS 200-300k","Global Group Innovative Services, Inc.",Metro Manila,"â‚±200,000 â€“ â‚±300,000 per month",200-300k japanese bilngual web developeropen to native and non native highy whos proficient with the language,https://www.jobstreet.com.my/job/73665251?type=standout&ref=search-standalone
2,Java Software Engineer III,"JPMorgan Chase Bank, N.A.",Metro Manila,Not Mentioned,Competitive CompensationRewarding company and employee benefitsWorld-class workplace and winning culture,https://www.jobstreet.com.my/job/73604556?type=standout&ref=search-standalone
3,Java Developer_Spring Boot,AVENSYS CONSULTING INC.,Metro Manila,"â‚±140,000 â€“ â‚±150,000 per month",Hybrid Set-upFlexibility,https://www.jobstreet.com.my/job/73624315?type=standout&ref=search-standalone
4,Java Developer,Northern Operating Services Asia Inc.,"Taguig City, Metro Manila","â‚±60,000 â€“ â‚±90,000 per month",Global exposureStrong Technology exposureFuture focused learning opportunities,https://www.jobstreet.com.my/job/73599903?type=standout&ref=search-standalone
5,"QA Engineer (C#, Java) | Night Shift | Hybrid | Day 1 HMO",Emapta,Metro Manila,Not Mentioned,Competitive salary packageHybrid work set-upDay 1 HMO coverage,https://www.jobstreet.com.my/job/73617370?type=standout&ref=search-standalone
6,Senior Software Engineer - Typescript (Frontend),Diversify Offshore Staffing Solutions,"Bonifacio Global City, Metro Manila",Not Mentioned,Not Mentioned,https://www.jobstreet.com.my/job/73675649?type=standout&ref=search-standalone
7,"Japanese Web Developer w/ exp in Coding; Java,LOS,Android,Angular,JS 200-300k","Global Group Innovative Services, Inc.",Metro Manila,"â‚±200,000 â€“ â‚±300,000 per month",200-300k japanese bilngual web developeropen to native and non native highy whos proficient with the language,https://www.jobstreet.com.my/job/73628675?type=standout&ref=search-standalone
8,Angular Software Engineer (Mid-Senior),"INFOR PSSC, INC.",Metro Manila,Not Mentioned,Hybrid work model for provincial and non-provincial hiresAttractive remuneration and benefits package (Retirement Savings)Thriving and engaging working environment for learning,https://www.jobstreet.com.my/job/73674695?type=standout&ref=search-standalone
9,Java Software Engineer,"Macquarie Group Services (Philippines), Inc.","Makati City, Metro Manila",Not Mentioned,Flexible work scheduleGreat workplace cultureCareer advancement,https://www.jobstreet.com.my/job/73519029?type=standout&ref=search-standalone
10,Sr. Software Engineer,Carelon Global Solutions,"Manila City, Metro Manila",Not Mentioned,Great Place To WorkÂ® CertifiedMedical coverage plus free 2 dependent on 1st day of employmentCompetitive Salary Package and Benefits,https://www.jobstreet.com.my/job/73674617?type=standout&ref=search-standalone
11,Software Development Engineer in Test (HMO on Day 1/Hybrid Work Set up),Genpact Services LLC,"Makati City, Metro Manila",Not Mentioned,JavaSeleniumAWS,https://www.jobstreet.com.my/job/73672246?type=standout&ref=search-standalone
12,Senior Software Engineer (Python/Java/Golang),TREND MICRO INCORPORATED-PHILIPPINE BRANCH,Metro Manila,Not Mentioned,HMO on Day 114th Month PayHybrid setup and temporary overseas assignment,https://www.jobstreet.com.my/job/73517572?type=standout&ref=search-standalone
13,Senior Backend Developer | Hybrid | Pasay | ASAP,Infinit-O,"Pasay City, Metro Manila",Not Mentioned,Certified Great Place to WorkCompetitive Salary and Compensation PackageHybrid Set Up,https://www.jobstreet.com.my/job/73581392?type=standout&ref=search-standalone
14,Software Development Engineer in Test Lead (HMO on Day 1/Hybrid Work Set up),Genpact Services LLC,"Makati City, Metro Manila",Not Mentioned,HMO on Day 1Hybrid work set up,https://www.jobstreet.com.my/job/73672263?type=standout&ref=search-standalone
15,Java Developer,Capgemini Philippines Corp.,"Ortigas, Metro Manila",Not Mentioned,Not Mentioned,https://www.jobstreet.com.my/job/73684454?type=standout&ref=search-standalone
16,IT Integration Java Developer,"SGL Manila (Shared Service Center), Inc.","Muntinlupa City, Metro Manila",Not Mentioned,Not Mentioned,https://www.jobstreet.com.my/job/73684974?type=standout&ref=search-standalone
17,Java Developer (Japanese Bilingual),"IBM Business Services, Inc.","Quezon City, Metro Manila",Not Mentioned,Working at IBM is truly life changing.We celebrate diversity of thought in everything we do.Careers can be unlimited and far-reaching.,https://www.jobstreet.com.my/job/73678408?type=standout&ref=search-standalone
18,Junio Java Developer,Alara Information Technology,"Quezon City, Metro Manila","â‚±20,000 â€“ â‚±30,000 per month",Not Mentioned,https://www.jobstreet.com.my/job/73668648?type=standard&ref=search-standalone
19,"WFH, Back-End Software Developer",REVCARD IT SOLUTIONS INC.,Metro Manila,"PHP 80,000 - 120,000",Highly competitive salaryWork from homecomprehensive medical insurance,https://www.jobstreet.com.my/job/73659827?type=standout&ref=search-standalone
20,Software Engineer/Developer (Senior to Lead),Viventis Search Asia,"Ortigas, Metro Manila","â‚±120,000 â€“ â‚±170,000 per month",Not Mentioned,https://www.jobstreet.com.my/job/73681640?type=standard&ref=search-standalone
21,Software Engineer,Likha-iT Inc.,Metro Manila,Not Mentioned,"ðŸ’» Hybrid Working Arrangement: 3 days working on site & 2 days wfh weeklyðŸš— Transportation or Housing Assistance Subsidy Monthly (Php 5,000 to 10,000)ðŸ‡¯ðŸ‡µ Opportunity to work in Japan ðŸš€",https://www.jobstreet.com.my/job/73559887?type=standout&ref=search-standalone
22,Software Developer,Odfjell Technology Corp.,Metro Manila,Not Mentioned,Collaborative and diverse working environmentStable and full-time position in a global shared services companyOpportunities for growth of acquiring new knowledge and skills,https://www.jobstreet.com.my/job/73525721?type=standout&ref=search-standalone
23,Java Software Engineer | HYBRID,Satellite Office,"Taguig City, Metro Manila",Not Mentioned,Not Mentioned,https://www.jobstreet.com.my/job/73488152?type=standout&ref=search-standalone
24,Java & React Developer - Hybrid work type,"Directpl PHL, Inc.","Alabang, Metro Manila","â‚±70,000 â€“ â‚±100,000 per month",Global Reach: Join us for global projectsUnlock Your Potential: We invest in your growthGreat Benefits: Competitive perks await you,https://www.jobstreet.com.my/job/73537821?type=standout&ref=search-standalone
25,Java Developer Team Lead (HYBRID-with monthly allowances per month),Wishland Software Technology Inc.,"Bonifacio Global City, Metro Manila","â‚±140,000 â€“ â‚±180,000 per month",HMO and allowancesWork Life Balance (Hybrid setup)good working environment,https://www.jobstreet.com.my/job/73488813?type=standout&ref=search-standalone
26,Full Stack Web Developer,Stealth Solutions and Digital Marketing Inc.,"Muntinlupa City, Metro Manila",Not Mentioned,Competitive SalaryCovered health care for you and your familyPermanent weekend off,https://www.jobstreet.com.my/job/73572098?type=standout&ref=search-standalone
27,Java Developer,Collabera Technologies Private Limited Inc.,Metro Manila,Not Mentioned,Not Mentioned,https://www.jobstreet.com.my/job/73587541?type=standard&ref=search-standalone
28,Java DevOps Engineer - Hybrid work type,"Directpl PHL, Inc.","Alabang, Metro Manila","â‚±70,000 â€“ â‚±100,000 per month",Global Reach: Join us for global projectsUnlock Your Potential: We invest in your growthGreat Benefits: Competitive perks await you,https://www.jobstreet.com.my/job/73537854?type=standout&ref=search-standalone
29,"Java Developer Earn Up to P120,000 | (Junior to Senior) | Hybrid Set-up","J-K NETWORK RECRUITMENT SERVICES AND CONSULTANCY, INC.",Metro Manila,"â‚±80,000 â€“ â‚±120,000 per month",Not Mentioned,https://www.jobstreet.com.my/job/73577431?type=standard&ref=search-standalone
30,Junior Java Developer - Back End Development,Cardinal Health International Philippines Inc.,"Taguig City, Metro Manila",Not Mentioned,Not Mentioned,https://www.jobstreet.com.my/job/73462516?type=standout&ref=search-standalone
31,Lead Java & JavaScript Engineer - Hybrid work type,"Directpl PHL, Inc.","Alabang, Metro Manila","â‚±80,000 â€“ â‚±95,000 per month",Global Reach: Join us for global projectsUnlock Your Potential: We invest in your growthGreat Benefits: Competitive perks await you,https://www.jobstreet.com.my/job/73537829?type=standout&ref=search-standalone
